{"type":"FeatureCollection", "features": [
{"type":"Feature","geometry":{"type":"Point","coordinates":[-122.8239266,38.4022141,0]},"properties":{"name":"Sebastopol, CA","styleUrl":"#icon-1899-DB4436-nodesc","icon-opacity":1,"icon-color":"#db4436","icon-scale":1,"icon-offset":[32,64],"icon-offset-units":["pixels","insetPixels"],"icon":"https://www.gstatic.com/mapspro/images/stock/503-wht-blank_maps.png"}},
{"type":"Feature","geometry":{"type":"Point","coordinates":[-122.7126901,38.3954248,0]},"properties":{"name":"168 Plaza Drive, Santa Rosa, CA","styleUrl":"#icon-1899-DB4436-nodesc","icon-opacity":1,"icon-color":"#db4436","icon-scale":1,"icon-offset":[32,64],"icon-offset-units":["pixels","insetPixels"],"icon":"https://www.gstatic.com/mapspro/images/stock/503-wht-blank_maps.png"}}
]}